,feature,coef_abs
4,Date,0.08747075546444151
23,Species_CULEX PIPIENS/RESTUANS,0.061888597067281316
22,Species_CULEX PIPIENS,0.05646105251357188
20,Sunlight,0.04869241496973741
24,Species_CULEX RESTUANS,0.037693510511970396
21,temp_range,0.031751112951268395
12,SeaLevel,0.029723535710105047
13,ResultSpeed,0.029714690232170486
6,DewPoint,0.029668306543261372
14,AvgSpeed,0.029490782082321684
